<?xml version="1.0" encoding="UTF-8" ?>
<!DOCTYPE html>
<html xmlns='http://www.w3.org/1999/xhtml' xmlns:b='http://www.google.com/2005/gml/b' xmlns:data='http://www.google.com/2005/gml/data' xmlns:expr='http://www.google.com/2005/gml/expr'>
  <head>
<meta charset='utf-8'/>
<meta content='width=device-width, initial-scale=1, maximum-scale=1' name='viewport'/>
		<b:if cond='data:blog.pageType == &quot;index&quot;'>
			<strong><span><title><data:blog.pageTitle/></title></span></strong>
        <b:else/>
			<strong><span><title><data:blog.pageName/></title></span></strong>
        </b:if>
		<b:if cond='data:blog.metaDescription != &quot;&quot;'>
		  <meta expr:content='data:blog.metaDescription' name='description'/>
		<b:else/>
		  <meta expr:content='data:blog.pageName + &quot; | Thông tin dự án Hưng Thịnh. Hotline PKD dự án Hưng Thịnh 0931342229. &quot;' name='description'/>
		</b:if>
		<meta content='BDS Hưng Thịnh' name='author'/>
		<b:include data='blog' name='all-head-content'/>
		<link href='http://faceseo.vn/favicon.ico' rel='shortcut icon' type='image/vnd.microsoft.icon'/>
		<meta content='general' name='rating'/>
		<meta content='all' name='robots'/>
		<meta content='index, follow' name='robots'/>
		<meta content='id' name='geo.country'/>
		<meta content='1 days' name='revisit-after'/>

    <b:if cond='data:blog.pageType == &quot;archive&quot;'>
      <meta content='noindex,noarchive' name='robots'/>
    </b:if>

&lt;style type=&quot;text/css&quot;&gt;
&lt;!-- /*<b:skin><![CDATA[/*
*/]]></b:skin>
   <link href='https://rawgithub.com/linhfaceseo/vinhomes/master/vinhomesthuthiem.css' rel='stylesheet' type='text/css'/>
<b:if cond='data:blog.pageType == &quot;item&quot;'>
</b:if>
<b:if cond='data:blog.pageType != &quot;item&quot;'>
<style type='text/css'>
</style>
</b:if>
<b:if cond='data:blog.url != data:blog.homepageUrl'>
<!--[if !IE]><!-->
<style type='text/css'>
.post-body img{ max-width:100%; }
</style>
 <!--<![endif]-->
</b:if>



<script src='http://ajax.googleapis.com/ajax/libs/jquery/1.9.1/jquery.min.js' type='text/javascript'/>

<script src='https://rawgithub.com/linhfaceseo/mysystemseo/master/hungthinh.js' type='text/javascript'/>

<style>
.post-body a{
color:blue !important;
}
</style>



</head>
<!--<body>-->
<body>


<div style='position: absolute;top:-999px'>
<h1><data:blog.pageName/> Dư&#803; a&#769;n căn hô&#803; Vincity TPHCM</h1>
</div>
<div id='header-layout-2'>
<div class='ct-wrapper'>
<div class=' ' id='menu-2'>
<nav>
<ul class='menu-2'>
<li><a href='#' rel='nofollow'>Trang chủ</a></li>
<li><a href='#' rel='nofollow'>Gia&#769; ba&#769;n Vincity</a></li>
<li><a href='#' rel='nofollow'>Tiê&#769;n đô&#803; Vincity</a></li>
</ul>
</nav>
</div>           				 
<div class='infa'>
           				 	
<span class='clock-date'><i class='icon-hourglass'/> <span id='Date'/></span>
<span class='clock-tel'><i class='icon-call-end'/> <span> Hotline 0931342229</span></span>			        
</div>
<div class='clear'><!-- --></div>
</div><!-- #header-holder-2 -->
</div>
 
 <div class='clr'/>
                <div class='header-wrapper'>
        <div class='ct-wrapper'>
        <div class='header-inner-wrap'>
                <b:section class='header' id='header' maxwidgets='1' showaddelement='yes'>
                  <b:widget id='Header1' locked='true' title='Hưng Thịnh sở hữu vị trí kim cương BĐS của Thành Phố (Tiêu đề)' type='Header' version='1'>
                    <b:widget-settings>
                      <b:widget-setting name='displayUrl'/>
                      <b:widget-setting name='displayHeight'>0</b:widget-setting>
                      <b:widget-setting name='sectionWidth'>-1</b:widget-setting>
                      <b:widget-setting name='useImage'>false</b:widget-setting>
                      <b:widget-setting name='shrinkToFit'>false</b:widget-setting>
                      <b:widget-setting name='imagePlacement'>BEHIND</b:widget-setting>
                      <b:widget-setting name='displayWidth'>0</b:widget-setting>
                    </b:widget-settings>
                    <b:includable id='main'>
  <b:if cond='data:useImage'>
    <b:if cond='data:imagePlacement == &quot;BEHIND&quot;'>
      <!--
      Show image as background to text. You can't really calculate the width
      reliably in JS because margins are not taken into account by any of
      clientWidth, offsetWidth or scrollWidth, so we don't force a minimum
      width if the user is using shrink to fit.
      This results in a margin-width's worth of pixels being cropped. If the
      user is not using shrink to fit then we expand the header.
      -->
      <b:if cond='data:mobile'>
          <div id='header-inner'>
            <div class='titlewrapper' style='background: transparent'>
              <h1 class='title' style='background: transparent; border-width: 0px'>
                <b:include name='title'/>
              </h1>
            </div>
            <b:include name='description'/>
          </div>
        <b:else/>
          <div expr:style='&quot;background-image: url(\&quot;&quot; + data:sourceUrl + &quot;\&quot;); &quot;                        + &quot;background-position: &quot;                        + data:backgroundPositionStyleStr + &quot;; &quot;                        + data:widthStyleStr                        + &quot;min-height: &quot; + data:height                        + &quot;_height: &quot; + data:height                        + &quot;background-repeat: no-repeat; &quot;' id='header-inner'>
            <div class='titlewrapper' style='background: transparent'>
              <h1 class='title' style='background: transparent; border-width: 0px'>
                <b:include name='title'/>
              </h1>
            </div>
            <b:include name='description'/>
          </div>
        </b:if>
    <b:else/>
      <!--Show the image only-->
      <div id='header-inner'>
        <a expr:href='data:blog.homepageUrl' style='display: block'>
          <img expr:alt='data:title' expr:id='data:widget.instanceId + &quot;_headerimg&quot;' expr:src='data:sourceUrl' style='display: block'/>
        </a>
        <!--Show the description-->
        <b:if cond='data:imagePlacement == &quot;BEFORE_DESCRIPTION&quot;'>
          <b:include name='description'/>
        </b:if>
      </div>
    </b:if>
  <b:else/>
    <!--No header image -->
    <div id='header-inner'>
      <div class='titlewrapper' style='display:none;'>
        <h1 class='title'>
          <b:include name='title'/>
        </h1>
   </div>
   <a expr:href='data:blog.homepageUrl' style='display: block'>
<img alt='Căn hộ Hưng Thịnh Quận 2 mua giá gốc chủ đầu tư' id='Header1_headerimg' src='http://4.bp.blogspot.com/-NjJoO4hwvtI/V-D0aP3Vj8I/AAAAAAAAD_A/ef0xfHKLP24YbTKm2y7nOjMBgah4HeqyQCK4B/s1600/logo-vinhomes-thu-thiem.png' style='display: block'/>
</a> 
</div>
    
  </b:if>
</b:includable>
                    <b:includable id='description'>
  <div class='descriptionwrapper'>
    <p class='description'><span><data:description/></span></p>
  </div>
</b:includable>
                    <b:includable id='title'>
    <a expr:href='data:blog.homepageUrl'><data:title/></a>
</b:includable>
                  </b:widget>
                </b:section>
<div><a href='http://vinhomesthuthiemhcm.com/lien-he'><img align='right' height='150px' src='http://faceseo.vn/images/centralland/bao-gia-can-ho-vinhomes-thu-thiem.gif' style='margin-bottom:5px'/></a></div>       
</div><!-- /header-inner-wrap -->
 
</div>
      </div>
          <div class='clr'/>

   <div class='menu-full '>
<div class='ct-wrapper' id='menu'>
<div>
<div>
<span id='menu-select'/>
<div class='menu-primary-menu-container' id='menu-box'>
<nav>
<ul class='menu'>
<li><a href='/'>Trang chủ</a></li>
<li><a href='http://centralland.com.vn/canho-du-an-sai-gon-mystery-villas-quan-2-hung-thinh/'>Dự án Sài Gòn Mystery</a></li>
<li><a href='#'>Giá bán Sài Gòn Mystery</a>
<ul class='sub-menu'>
<li><a href='#'>Sài Gòn Mystery căn 2PN</a></li>
</ul>
</li>

<li><a href='#'>Mặt bằng Mystery</a></li>
<li><a href='#'>Căn Hộ Mystery</a></li>
<li><a href='#'>Tiến độ Mystery Q2</a></li>
</ul>
</nav>
</div>

<form action='/search' class='searchbox' id='search-form-header' method='get' role='search' style='display: block;'>
<i class='searchbox-icon'/>
<input class='searchbox-input' name='q' placeholder='Search...' style='height: 58px;' type='text' value='Search...'/>
</form>
</div>
</div>
</div>
</div>


          <div class='clr'/>

                    

        <div class='ct-wrapper'>
           <div class='outer-wrapper'>

                      <div class='main-wrapper'>

                    <b:section class='content' id='content' showaddelement='no'>
                      <b:widget id='Blog1' locked='true' title='Bài đăng trên Blog' type='Blog' version='1'>
                        <b:widget-settings>
                          <b:widget-setting name='showDateHeader'>true</b:widget-setting>
                          <b:widget-setting name='style.textcolor'>#000000</b:widget-setting>
                          <b:widget-setting name='showShareButtons'>true</b:widget-setting>
                          <b:widget-setting name='showCommentLink'>true</b:widget-setting>
                          <b:widget-setting name='style.urlcolor'>#008000</b:widget-setting>
                          <b:widget-setting name='showAuthor'>true</b:widget-setting>
                          <b:widget-setting name='style.linkcolor'>#0000ff</b:widget-setting>
                          <b:widget-setting name='style.unittype'>TextAndImage</b:widget-setting>
                          <b:widget-setting name='style.bgcolor'>#ffffff</b:widget-setting>
                          <b:widget-setting name='showAuthorProfile'>false</b:widget-setting>
                          <b:widget-setting name='style.layout'>1x1</b:widget-setting>
                          <b:widget-setting name='showLabels'>true</b:widget-setting>
                          <b:widget-setting name='showLocation'>true</b:widget-setting>
                          <b:widget-setting name='showTimestamp'>true</b:widget-setting>
                          <b:widget-setting name='postsPerAd'>1</b:widget-setting>
                          <b:widget-setting name='showBacklinks'>false</b:widget-setting>
                          <b:widget-setting name='style.bordercolor'>#ffffff</b:widget-setting>
                          <b:widget-setting name='showInlineAds'>false</b:widget-setting>
                          <b:widget-setting name='showReactions'>false</b:widget-setting>
                        </b:widget-settings>
                        <b:includable id='main' var='top'>
  <b:if cond='data:mobile == &quot;false&quot;'>

    <!-- posts -->
    <div class='blog-posts hfeed'>

	<b:if cond='data:blog.pageType == &quot;item&quot;'>     
	<b:include data='posts' name='breadcrumb'/>
      </b:if>

      <b:include data='top' name='status-message'/>

 

      <data:defaultAdStart/>
      <b:loop values='data:posts' var='post'>
        <b:if cond='data:post.isDateStart'>
          <b:if cond='data:post.isFirstPost == &quot;false&quot;'>
            &lt;/div&gt;&lt;/div&gt;
          </b:if>
        </b:if>
        <b:if cond='data:post.isDateStart'>
          &lt;div class=&quot;date-outer&quot;&gt;
        </b:if>
        <b:if cond='data:post.dateHeader'>
          <h2 class='date-header'><span><data:post.dateHeader/></span></h2>
        </b:if>
        <b:if cond='data:post.isDateStart'>
          &lt;div class=&quot;date-posts&quot;&gt;
        </b:if>
        <div class='post-outer'>
        <b:include data='post' name='post'/>
        <b:if cond='data:blog.pageType == &quot;static_page&quot;'>
          <b:include data='post' name='comment_picker'/>
        </b:if>
        <b:if cond='data:blog.pageType == &quot;item&quot;'>
          <b:include data='post' name='comment_picker'/>
        </b:if>
        </div>
        <b:if cond='data:post.includeAd'>
          <b:if cond='data:post.isFirstPost'>
            <data:defaultAdEnd/>
          <b:else/>
            <data:adEnd/>
          </b:if>
          <div class='inline-ad'>
            <data:adCode/>
          </div>
          <data:adStart/>
        </b:if>
      </b:loop>
      <b:if cond='data:numPosts != 0'>
        &lt;/div&gt;&lt;/div&gt;
      </b:if>
      <data:adEnd/>
    </div>

    <!-- navigation -->
    <b:include name='nextprev'/>


    <b:if cond='data:top.showStars'>
      <script src='//www.google.com/jsapi' type='text/javascript'/>
      <script type='text/javascript'>
        google.load(&quot;annotations&quot;, &quot;1&quot;, {&quot;locale&quot;: &quot;<data:top.languageCode/>&quot;});
        function initialize() {
          google.annotations.setApplicationId(<data:top.blogspotReviews/>);
          google.annotations.createAll();
          google.annotations.fetch();
        }
        google.setOnLoadCallback(initialize);
      </script>
    </b:if>

  <b:else/>
    <b:include name='mobile-main'/>
  </b:if>

  <b:if cond='data:top.showDummy'>
    <data:top.dummyBootstrap/>
  </b:if>

</b:includable>
                        <b:includable id='backlinkDeleteIcon' var='backlink'>
  <span expr:class='&quot;item-control &quot; + data:backlink.adminClass'>
    <a expr:href='data:backlink.deleteUrl' expr:title='data:top.deleteBacklinkMsg'>
      <img src='//www.blogger.com/img/icon_delete13.gif'/>
    </a>
  </span>
</b:includable>
                        <b:includable id='backlinks' var='post'>
  <a name='links'/><h4><data:post.backlinksLabel/></h4>
  <b:if cond='data:post.numBacklinks != 0'>
    <dl class='comments-block' id='comments-block'>
      <b:loop values='data:post.backlinks' var='backlink'>
        <div class='collapsed-backlink backlink-control'>
          <dt class='comment-title'>
            <span class='backlink-toggle-zippy'>&#160;</span>
            <a expr:href='data:backlink.url' rel='nofollow'><data:backlink.title/></a>
            <b:include data='backlink' name='backlinkDeleteIcon'/>
          </dt>
          <dd class='comment-body collapseable'>
            <data:backlink.snippet/>
          </dd>
          <dd class='comment-footer collapseable'>
            <span class='comment-author'><data:post.authorLabel/> <data:backlink.author/></span>
            <span class='comment-timestamp'><data:post.timestampLabel/> <data:backlink.timestamp/></span>
          </dd>
        </div>
      </b:loop>
    </dl>
  </b:if>
  <p class='comment-footer'>
    <a class='comment-link' expr:href='data:post.createLinkUrl' expr:id='data:widget.instanceId + &quot;_backlinks-create-link&quot;' target='_blank'><data:post.createLinkLabel/></a>
  </p>
</b:includable>
                        <b:includable id='breadcrumb' var='posts'>
<b:if cond='data:blog.pageType == &quot;item&quot;'>
<!-- breadcrumb for the post page -->
<b:loop values='data:posts' var='post'>
<b:if cond='data:post.labels'>
<div class='breadcrumbs fr' xmlns:v='http://rdf.data-vocabulary.org/#'>
<span typeof='v:Breadcrumb'><a expr:href='data:blog.homepageUrl' property='v:title' rel='v:url'>Home</a></span>

<!--<b:loop values='data:post.labels' var='label'>
<b:if cond='data:label.isLast == &quot;true&quot;'>
 &#187; <span class='label' typeof='v:Breadcrumb'><a expr:href='data:label.url' property='v:title' rel='v:url'><data:label.name/></a></span>
</b:if></b:loop>-->

  / <span class='post-name'><data:post.title/></span>

</div>
</b:if>
</b:loop>
</b:if>
</b:includable>
                        <b:includable id='comment-form' var='post'>
  <div class='comment-form'>
    <a name='comment-form'/>
    <b:if cond='data:mobile'>
      <h4 id='comment-post-message'>
        <a expr:id='data:widget.instanceId + &quot;_comment-editor-toggle-link&quot;' href='javascript:void(0)'><data:postCommentMsg/></a></h4>
      <p><data:blogCommentMessage/></p>
      <data:blogTeamBlogMessage/>
      <a expr:href='data:post.commentFormIframeSrc' id='comment-editor-src'/>
      <iframe allowtransparency='true' class='blogger-iframe-colorize blogger-comment-from-post' frameborder='0' height='410' id='comment-editor' name='comment-editor' src='' style='display: none' width='100%'/>
    <b:else/>
      <h4 id='comment-post-message'><data:postCommentMsg/></h4>
      <p><data:blogCommentMessage/></p>
      <data:blogTeamBlogMessage/>
      <a expr:href='data:post.commentFormIframeSrc' id='comment-editor-src'/>
      <iframe allowtransparency='true' class='blogger-iframe-colorize blogger-comment-from-post' frameborder='0' height='410' id='comment-editor' name='comment-editor' src='' width='100%'/>
    </b:if>
    <data:post.friendConnectJs/>
    <data:post.cmtfpIframe/>
    <script type='text/javascript'>
      BLOG_CMT_createIframe(&#39;<data:post.appRpcRelayPath/>&#39;, &#39;<data:post.communityId/>&#39;);
    </script>
  </div>
</b:includable>
                        <b:includable id='commentDeleteIcon' var='comment'>
  <span expr:class='&quot;item-control &quot; + data:comment.adminClass'>
    <b:if cond='data:showCmtPopup'>
      <div class='goog-toggle-button'>
        <div class='goog-inline-block comment-action-icon'/>
      </div>
    <b:else/>
      <a class='comment-delete' expr:href='data:comment.deleteUrl' expr:title='data:top.deleteCommentMsg'>
        <img src='//www.blogger.com/img/icon_delete13.gif'/>
      </a>
    </b:if>
  </span>
</b:includable>
                        <b:includable id='comment_count_picker' var='post'>
  <b:if cond='data:post.commentSource == 1'>
    <span class='cmt_count_iframe_holder' expr:data-count='data:post.numComments' expr:data-onclick='data:post.addCommentOnclick' expr:data-post-url='data:post.url' expr:data-url='data:post.canonicalUrl'>
    </span>
  <b:else/>
    <a class='comment-link' expr:href='data:post.addCommentUrl' expr:onclick='data:post.addCommentOnclick'>
      <data:post.commentLabelFull/>:
    </a>
  </b:if>
</b:includable>
                        <b:includable id='comment_picker' var='post'>
  <b:if cond='data:post.commentSource == 1'>
    <b:include data='post' name='iframe_comments'/>
  <b:else/>
    <b:if cond='data:post.showThreadedComments'>
      <b:include data='post' name='threaded_comments'/>
    <b:else/>
      <b:include data='post' name='comments'/>
    </b:if>
  </b:if>
</b:includable>
                        <b:includable id='comments' var='post'>
<div class='cmt_iframe_holder' expr:data-href='data:post.canonicalUrl' expr:data-viewtype='data:post.viewType'/>
  </b:includable>
                        <b:includable id='feedLinks'>
  <b:if cond='data:blog.pageType != &quot;item&quot;'> <!-- Blog feed links -->
    <b:if cond='data:feedLinks'>
      <div class='blog-feeds'>
        <b:include data='feedLinks' name='feedLinksBody'/>
      </div>
    </b:if>

    <b:else/> <!--Post feed links -->
    <div class='post-feeds'>
      <b:loop values='data:posts' var='post'>
        <b:if cond='data:post.allowComments'>
          <b:if cond='data:post.feedLinks'>
            <b:include data='post.feedLinks' name='feedLinksBody'/>
          </b:if>
        </b:if>
      </b:loop>
    </div>
  </b:if>
</b:includable>
                        <b:includable id='feedLinksBody' var='links'>
  <div class='feed-links'>
  <data:feedLinksMsg/>
  <b:loop values='data:links' var='f'>
     <a class='feed-link' expr:href='data:f.url' expr:type='data:f.mimeType' target='_blank'><data:f.name/> (<data:f.feedType/>)</a>
  </b:loop>
  </div>
</b:includable>
                        <b:includable id='iframe_comments' var='post'>

  <b:if cond='data:post.allowIframeComments'>
    <script expr:src='data:post.iframeCommentSrc' type='text/javascript'/>
    <div class='cmt_iframe_holder' expr:data-href='data:post.canonicalUrl' expr:data-viewtype='data:post.viewType'/>

    <b:if cond='data:post.embedCommentForm == &quot;false&quot;'>
      <a expr:href='data:post.addCommentUrl' expr:onclick='data:post.addCommentOnclick'><data:postCommentMsg/></a>
    </b:if>
  </b:if>
</b:includable>
                        <b:includable id='mobile-index-post' var='post'>
  <div class='mobile-date-outer date-outer'>
    <b:if cond='data:post.dateHeader'>
      <div class='date-header'>
        <span><data:post.dateHeader/></span>
      </div>
    </b:if>

    <div class='mobile-post-outer'>
      <a expr:href='data:post.url'>
        <h3 class='mobile-index-title entry-title' itemprop='name'>
          <data:post.title/>
        </h3>

        <div class='mobile-index-arrow'>&amp;rsaquo;</div>

        <div class='mobile-index-contents'>
          <b:if cond='data:post.thumbnailUrl'>
            <div class='mobile-index-thumbnail'>
              <div class='Image'>
                <img expr:src='data:post.thumbnailUrl'/>
              </div>
            </div>
          </b:if>

          <div class='post-body'>
            <b:if cond='data:post.snippet'><data:post.snippet/></b:if>
          </div>
        </div>

        <div style='clear: both;'/>
      </a>

      <div class='mobile-index-comment'>
        <b:if cond='data:blog.pageType != &quot;static_page&quot;'>
          <b:if cond='data:post.allowComments'>
            <b:if cond='data:post.numComments != 0'>
              <a class='comment-link' expr:href='data:post.addCommentUrl' expr:onclick='data:post.addCommentOnclick'><b:if cond='data:post.numComments == 1'>1 <data:top.commentLabel/><b:else/><data:post.numComments/> <data:top.commentLabelPlural/></b:if></a>
            </b:if>
          </b:if>
        </b:if>
      </div>
    </div>
  </div>
</b:includable>
                        <b:includable id='mobile-main' var='top'>
    <!-- posts -->
    <div class='blog-posts hfeed'>

      <b:include data='top' name='status-message'/>

      <b:if cond='data:blog.pageType == &quot;index&quot;'>
        <b:loop values='data:posts' var='post'>
          <b:include data='post' name='mobile-index-post'/>
        </b:loop>
      <b:else/>
        <b:loop values='data:posts' var='post'>
          <b:include data='post' name='mobile-post'/>
        </b:loop>
      </b:if>
    </div>

   <b:include name='mobile-nextprev'/>
</b:includable>
                        <b:includable id='mobile-nextprev'>
  <div class='blog-pager' id='blog-pager'>
    <b:if cond='data:newerPageUrl'>
      <div class='mobile-link-button' id='blog-pager-newer-link'>
      <a class='blog-pager-newer-link' expr:href='data:newerPageUrl' expr:id='data:widget.instanceId + &quot;_blog-pager-newer-link&quot;' expr:title='data:newerPageTitle'>&amp;lsaquo;</a>
      </div>
    </b:if>

    <b:if cond='data:olderPageUrl'>
      <div class='mobile-link-button' id='blog-pager-older-link'>
      <a class='blog-pager-older-link' expr:href='data:olderPageUrl' expr:id='data:widget.instanceId + &quot;_blog-pager-older-link&quot;' expr:title='data:olderPageTitle'>&amp;rsaquo;</a>
      </div>
    </b:if>

    <div class='mobile-link-button' id='blog-pager-home-link'>
    <a class='home-link' expr:href='data:blog.homepageUrl'><data:homeMsg/></a>
    </div>

    <div class='mobile-desktop-link'>
      <a class='home-link' expr:href='data:desktopLinkUrl'><data:desktopLinkMsg/></a>
    </div>

  </div>
  <div class='clear'/>
</b:includable>
                        <b:includable id='mobile-post' var='post'>
  <div class='date-outer'>
    <b:if cond='data:post.dateHeader'>
      <h2 class='date-header'><span><data:post.dateHeader/></span></h2>
    </b:if>
    <div class='date-posts'>
      <div class='post-outer'>

        <div class='post hentry uncustomized-post-template'>
          <a expr:name='data:post.id'/>
          <b:if cond='data:post.title'>
            <h1 class='post-title entry-title'>
              <b:if cond='data:post.link'>
                <a expr:href='data:post.link'><data:post.title/></a>
              <b:else/>
                <b:if cond='data:post.url'>
                  <b:if cond='data:blog.url != data:post.url'>
                    <a expr:href='data:post.url'><data:post.title/></a>
                  <b:else/>
                    <data:post.title/>
                  </b:if>
                <b:else/>
                  <data:post.title/>
                </b:if>
              </b:if>
            </h1>
          </b:if>

          <div class='post-header'>
            <div class='post-header-line-1'/>
          </div>

          <div class='post-body entry-content' expr:id='&quot;post-body-&quot; + data:post.id'>
            <data:post.body/>
            <div style='clear: both;'/> <!-- clear for photos floats -->
          </div>

          <div class='post-footer'>
            <div class='post-footer-line post-footer-line-1'>
              <span class='post-author vcard'>
                <b:if cond='data:top.showAuthor'>
                  <b:if cond='data:post.authorProfileUrl'>
                    <span class='fn'>
                      <a expr:href='data:post.authorProfileUrl' rel='author' title='author profile'>
                        <data:post.author/>
                      </a>
                    </span>
                  <b:else/>
                    <span class='fn'><data:post.author/></span>
                  </b:if>
                </b:if>
              </span>

              <span class='post-timestamp'>
                <b:if cond='data:top.showTimestamp'>
                  <data:top.timestampLabel/>
                  <b:if cond='data:post.url'>
                    <a class='timestamp-link' expr:href='data:post.url' rel='bookmark' title='permanent link'><abbr class='published' expr:title='data:post.timestampISO8601'><data:post.timestamp/></abbr></a>
                  </b:if>
                </b:if>
              </span>

              <span class='post-comment-link'>
                <b:if cond='data:blog.pageType != &quot;item&quot;'>
                  <b:if cond='data:blog.pageType != &quot;static_page&quot;'>
                    <b:if cond='data:post.allowComments'>
                      <a class='comment-link' expr:href='data:post.addCommentUrl' expr:onclick='data:post.addCommentOnclick'><b:if cond='data:post.numComments == 1'>1 <data:top.commentLabel/><b:else/><data:post.numComments/> <data:top.commentLabelPlural/></b:if></a>
                    </b:if>
                  </b:if>
                </b:if>
              </span>
            </div>

            <div class='post-footer-line post-footer-line-2'>
              <b:if cond='data:top.showMobileShare'>
                <div class='mobile-link-button goog-inline-block' id='mobile-share-button'>
                  <a href='javascript:void(0);'><data:shareMsg/></a>
                </div>
              </b:if>
              <b:if cond='data:top.showDummy'>
                <div class='goog-inline-block dummy-container'><data:post.dummyTag/></div>
              </b:if>
            </div>

          </div>
        </div>
        <b:if cond='data:blog.pageType == &quot;static_page&quot;'>
          <b:include data='post' name='comment_picker'/>
        </b:if>
        <b:if cond='data:blog.pageType == &quot;item&quot;'>
          <b:include data='post' name='comment_picker'/>
        </b:if>
      </div>
    </div>
  </div>
</b:includable>
                        <b:includable id='nextprev'>
  <div class='blog-pager' id='blog-pager'>
    <b:if cond='data:newerPageUrl'>
      <span id='blog-pager-newer-link'>
      <a class='blog-pager-newer-link' expr:href='data:newerPageUrl' expr:id='data:widget.instanceId + &quot;_blog-pager-newer-link&quot;' expr:title='data:newerPageTitle'><data:newerPageTitle/></a>
      </span>
    </b:if>

    <b:if cond='data:olderPageUrl'>
      <span id='blog-pager-older-link'>
      <a class='blog-pager-older-link' expr:href='data:olderPageUrl' expr:id='data:widget.instanceId + &quot;_blog-pager-older-link&quot;' expr:title='data:olderPageTitle'><data:olderPageTitle/></a>
      </span>
    </b:if>

    <a class='home-link' expr:href='data:blog.homepageUrl'><data:homeMsg/></a>

    <b:if cond='data:mobileLinkUrl'>
      <div class='blog-mobile-link'>
        <a expr:href='data:mobileLinkUrl'><data:mobileLinkMsg/></a>
      </div>
    </b:if>

  </div>
  <div class='clear'/>
</b:includable>
                        <b:includable id='post' var='post'>
  <div class='post hentry'>
<b:if cond='data:blog.pageType == &quot;item&quot;'>
<b:if cond='data:post.title'>
<h1 class='post-title entry-title'>
<b:if cond='data:post.link'>       
<a expr:href='data:post.link'><data:post.title/></a>    
<b:else/>
<b:if cond='data:post.url'>
<b:if cond='data:blog.url != data:post.url'>
<a expr:href='data:post.url'><data:post.title/></a>
<b:else/>
<data:post.title/>
</b:if>
<b:else/>
<data:post.title/>
</b:if>
</b:if>
</h1>
</b:if>
<b:else/>
<b:if cond='data:blog.pageType == &quot;statci_page&quot;'>
<h2 class='post-title entry-title'>
<b:if cond='data:post.link'>       
<a expr:href='data:post.link'><data:post.title/></a>    
<b:else/>
<b:if cond='data:post.url'>
<b:if cond='data:blog.url != data:post.url'>
<a expr:href='data:post.url'><data:post.title/></a>
<b:else/>
<data:post.title/>
</b:if>
<b:else/>
<data:post.title/>
</b:if>
</b:if>
</h2>
</b:if>
</b:if>

<div class='post-body entry-content' expr:id='&quot;post-body-&quot; + data:post.id'>
<b:if cond='data:blog.pageType == &quot;item&quot;'>
<data:post.body/>
<b:else/>
<b:if cond='data:blog.pageType == &quot;static_page&quot;'>
<data:post.body/>
<b:else/>

<div expr:id='&quot;p&quot; + data:post.id'>
<data:post.body/>
</div>
<script type='text/javascript'>
var x=&quot;<data:post.url/>&quot;,y=&quot;<data:post.title/>&quot;,z=&quot;<data:post.numComments/>&quot;,w=&quot;<data:post.timestamp/>&quot;,v=&quot;<data:post.author/>&quot;;readmore(&quot;p<data:post.id/>&quot;);
</script>

</b:if>
</b:if>

      <div style='clear: both;'/> <!-- clear for photos floats -->
    </div>

    <div class='post-footer'>
<b:if cond='data:blog.pageType == &quot;item&quot;'>
<div class='meta1'>
  <span class='ico16 ico16-calendar'><data:post.timestamp/></span>
<span class='ico16 ico16-folder'>
<b:if cond='data:post.labels'>
<b:loop values='data:post.labels' var='label'>
<a expr:href='data:label.url' rel='tag'><data:label.name/></a><b:if cond='data:label.isLast != &quot;true&quot;'>,</b:if>
</b:loop>
</b:if>
</span>
<span class='ico16 ico16-comment'>
<a expr:href='data:post.addCommentUrl' expr:onclick='data:post.addCommentOnclick'><b:if cond='data:post.numComments == 0'>Leave a Comment</b:if><b:if cond='data:post.numComments == 1'>1 comment</b:if><b:if cond='data:post.numComments &gt;= 2'><data:post.numComments/> comments</b:if></a>
</span>
</div>

<!-- ABout Author -->

<div class='single-author-info'>
				
<div class='single-author-upic'>
<a expr:href='data:post.authorProfileUrl'>
<img alt='Avatar of Surya' class='avatar user-1-avatar avatar-110 photo' height='110' src='https://4.bp.blogspot.com/-Fcs6x09zjZY/V-EC-QfvL9I/AAAAAAAAD_w/EcF-SG-8MnI89GObXU5i02P296zbEZh-ACLcB/s640/khu-do-thi-thu-thiem.jpg' width='110'/>
</a>
</div>
										
<h5>Hưng Thịnh</h5>
															
<p>Siêu dự án căn hộ Hưng Thịnh tạo lạc tại ốc đảo Thủ Thiêm khu đô thị được định hướng là trung tâm tài chính, thương mại trong tương lai của TPHCM. Cập nhật thông tin thời gian mở bán và bảng giá căn hộ Hưng Thịnh - liên hệ hotline: 0931342229</p>
</div>

</b:if>

      <div class='post-footer-line post-footer-line-2'>

 </div>

      <div class='post-footer-line post-footer-line-3'><span class='post-location'>
        <b:if cond='data:top.showLocation'>
          <b:if cond='data:post.location'>
            <data:postLocationLabel/>
            <a expr:href='data:post.location.mapsUrl' target='_blank'><data:post.location.name/></a>
          </b:if>
        </b:if>
      </span> </div>
    </div>
  </div>
</b:includable>
                        <b:includable id='postQuickEdit' var='post'>
  <b:if cond='data:post.editUrl'>
    <span expr:class='&quot;item-control &quot; + data:post.adminClass'>
      <a expr:href='data:post.editUrl' expr:title='data:top.editPostMsg'>
        <img alt='' class='icon-action' height='18' src='http://img2.blogblog.com/img/icon18_edit_allbkg.gif' width='18'/>
      </a>
    </span>
  </b:if>
</b:includable>
                        <b:includable id='shareButtons' var='post'>
  <b:if cond='data:top.showEmailButton'><a class='goog-inline-block share-button sb-email' expr:href='data:post.sharePostUrl + &quot;&amp;target=email&quot;' expr:title='data:top.emailThisMsg' target='_blank'><span class='share-button-link-text'><data:top.emailThisMsg/></span></a></b:if><b:if cond='data:top.showBlogThisButton'><a class='goog-inline-block share-button sb-blog' expr:href='data:post.sharePostUrl + &quot;&amp;target=blog&quot;' expr:onclick='&quot;window.open(this.href, \&quot;_blank\&quot;, \&quot;height=270,width=475\&quot;); return false;&quot;' expr:title='data:top.blogThisMsg' target='_blank'><span class='share-button-link-text'><data:top.blogThisMsg/></span></a></b:if><b:if cond='data:top.showTwitterButton'><a class='goog-inline-block share-button sb-twitter' expr:href='data:post.sharePostUrl + &quot;&amp;target=twitter&quot;' expr:title='data:top.shareToTwitterMsg' target='_blank'><span class='share-button-link-text'><data:top.shareToTwitterMsg/></span></a></b:if><b:if cond='data:top.showFacebookButton'><a class='goog-inline-block share-button sb-facebook' expr:href='data:post.sharePostUrl + &quot;&amp;target=facebook&quot;' expr:onclick='&quot;window.open(this.href, \&quot;_blank\&quot;, \&quot;height=430,width=640\&quot;); return false;&quot;' expr:title='data:top.shareToFacebookMsg' target='_blank'><span class='share-button-link-text'><data:top.shareToFacebookMsg/></span></a></b:if><b:if cond='data:top.showOrkutButton'><a class='goog-inline-block share-button sb-orkut' expr:href='data:post.sharePostUrl + &quot;&amp;target=orkut&quot;' expr:title='data:top.shareToOrkutMsg' target='_blank'><span class='share-button-link-text'><data:top.shareToOrkutMsg/></span></a></b:if><b:if cond='data:top.showDummy'><div class='goog-inline-block dummy-container'><data:post.dummyTag/></div></b:if>
</b:includable>
                        <b:includable id='status-message'>
  <b:if cond='data:navMessage'>
  <div class='status-msg-wrap'>
    <div class='status-msg-body'>
      <data:navMessage/>
    </div>
    <div class='status-msg-border'>
      <div class='status-msg-bg'>
        <div class='status-msg-hidden'><data:navMessage/></div>
      </div>
    </div>
  </div>
  <div style='clear: both;'/>
  </b:if>
</b:includable>
                        <b:includable id='threaded-comment-form' var='post'>
  <div class='comment-form'>
    <a name='comment-form'/>
    <b:if cond='data:mobile'>
      <p><data:blogCommentMessage/></p>
      <data:blogTeamBlogMessage/>
      <a expr:href='data:post.commentFormIframeSrc' id='comment-editor-src'/>
      <iframe allowtransparency='true' class='blogger-iframe-colorize blogger-comment-from-post' frameborder='0' height='410' id='comment-editor' name='comment-editor' src='' style='display: none' width='100%'/>
    <b:else/>
      <p><data:blogCommentMessage/></p>
      <data:blogTeamBlogMessage/>
      <a expr:href='data:post.commentFormIframeSrc' id='comment-editor-src'/>
      <iframe allowtransparency='true' class='blogger-iframe-colorize blogger-comment-from-post' frameborder='0' height='410' id='comment-editor' name='comment-editor' src='' width='100%'/>
    </b:if>
    <data:post.friendConnectJs/>
    <data:post.cmtfpIframe/>
    <script type='text/javascript'>
      BLOG_CMT_createIframe(&#39;<data:post.appRpcRelayPath/>&#39;, &#39;<data:post.communityId/>&#39;);
    </script>
  </div>
</b:includable>
                        <b:includable id='threaded_comment_css'>
  <style>

  </style>
</b:includable>
                        <b:includable id='threaded_comment_js' var='post'>
  <script async='async' expr:src='data:post.commentSrc' type='text/javascript'/>

  <script type='text/javascript'>
    (function() {
      var items = <data:post.commentJso/>;
      var msgs = <data:post.commentMsgs/>;
      var config = <data:post.commentConfig/>;

// <![CDATA[
      var cursor = null;
      if (items && items.length > 0) {
        cursor = parseInt(items[items.length - 1].timestamp) + 1;
      }

      var bodyFromEntry = function(entry) {
        if (entry.gd$extendedProperty) {
          for (var k in entry.gd$extendedProperty) {
            if (entry.gd$extendedProperty[k].name == 'blogger.contentRemoved') {
              return '<span class="deleted-comment">' + entry.content.$t + '</span>';
            }
          }
        }
        return entry.content.$t;
      }

      var parse = function(data) {
        cursor = null;
        var comments = [];
        if (data && data.feed && data.feed.entry) {
          for (var i = 0, entry; entry = data.feed.entry[i]; i++) {
            var comment = {};
            // comment ID, parsed out of the original id format
            var id = /blog-(\d+).post-(\d+)/.exec(entry.id.$t);
            comment.id = id ? id[2] : null;
            comment.body = bodyFromEntry(entry);
            comment.timestamp = Date.parse(entry.published.$t) + '';
            if (entry.author && entry.author.constructor === Array) {
              var auth = entry.author[0];
              if (auth) {
                comment.author = {
                  name: (auth.name ? auth.name.$t : undefined),
                  profileUrl: (auth.uri ? auth.uri.$t : undefined),
                  avatarUrl: (auth.gd$image ? auth.gd$image.src : undefined)
                };
              }
            }
            if (entry.link) {
              if (entry.link[2]) {
                comment.link = comment.permalink = entry.link[2].href;
              }
              if (entry.link[3]) {
                var pid = /.*comments\/default\/(\d+)\?.*/.exec(entry.link[3].href);
                if (pid && pid[1]) {
                  comment.parentId = pid[1];
                }
              }
            }
            comment.deleteclass = 'item-control blog-admin';
            if (entry.gd$extendedProperty) {
              for (var k in entry.gd$extendedProperty) {
                if (entry.gd$extendedProperty[k].name == 'blogger.itemClass') {
                  comment.deleteclass += ' ' + entry.gd$extendedProperty[k].value;
                } else if (entry.gd$extendedProperty[k].name == 'blogger.displayTime') {
                  comment.displayTime = entry.gd$extendedProperty[k].value;
                }
              }
            }
            comments.push(comment);
          }
        }
        return comments;
      };

      var paginator = function(callback) {
        if (hasMore()) {
          var url = config.feed + '?alt=json&v=2&orderby=published&reverse=false&max-results=50';
          if (cursor) {
            url += '&published-min=' + new Date(cursor).toISOString();
          }
          window.bloggercomments = function(data) {
            var parsed = parse(data);
            cursor = parsed.length < 50 ? null
                : parseInt(parsed[parsed.length - 1].timestamp) + 1
            callback(parsed);
            window.bloggercomments = null;
          }
          url += '&callback=bloggercomments';
          var script = document.createElement('script');
          script.type = 'text/javascript';
          script.src = url;
          document.getElementsByTagName('head')[0].appendChild(script);
        }
      };
      var hasMore = function() {
        return !!cursor;
      };
      var getMeta = function(key, comment) {
        if ('iswriter' == key) {
          var matches = !!comment.author
              && comment.author.name == config.authorName
              && comment.author.profileUrl == config.authorUrl;
          return matches ? 'true' : '';
        } else if ('deletelink' == key) {
          return config.baseUri + '/delete-comment.g?blogID='
               + config.blogId + '&postID=' + comment.id;
        } else if ('deleteclass' == key) {
          return comment.deleteclass;
        }
        return '';
      };

      var replybox = null;
      var replyUrlParts = null;
      var replyParent = undefined;

      var onReply = function(commentId, domId) {
        if (replybox == null) {
          // lazily cache replybox, and adjust to suit this style:
          replybox = document.getElementById('comment-editor');
          if (replybox != null) {
            replybox.height = '250px';
            replybox.style.display = 'block';
            replyUrlParts = replybox.src.split('#');
          }
        }
        if (replybox && (commentId !== replyParent)) {
          document.getElementById(domId).insertBefore(replybox, null);
          replybox.src = replyUrlParts[0]
              + (commentId ? '&parentID=' + commentId : '')
              + '#' + replyUrlParts[1];
          replyParent = commentId;
        }
      };

      var hash = (window.location.hash || '#').substring(1);
      var startThread, targetComment;
      if (/^comment-form_/.test(hash)) {
        startThread = hash.substring('comment-form_'.length);
      } else if (/^c[0-9]+$/.test(hash)) {
        targetComment = hash.substring(1);
      }

      // Configure commenting API:
      var configJso = {
        'maxDepth': config.maxThreadDepth
      };
      var provider = {
        'id': config.postId,
        'data': items,
        'loadNext': paginator,
        'hasMore': hasMore,
        'getMeta': getMeta,
        'onReply': onReply,
        'rendered': true,
        'initComment': targetComment,
        'initReplyThread': startThread,
        'config': configJso,
        'messages': msgs
      };

      var render = function() {
        if (window.goog && window.goog.comments) {
          var holder = document.getElementById('comment-holder');
          window.goog.comments.render(holder, provider);
        }
      };

      // render now, or queue to render when library loads:
      if (window.goog && window.goog.comments) {
        render();
      } else {
        window.goog = window.goog || {};
        window.goog.comments = window.goog.comments || {};
        window.goog.comments.loadQueue = window.goog.comments.loadQueue || [];
        window.goog.comments.loadQueue.push(render);
      }
    })();
// ]]>
  </script>
</b:includable>
                        <b:includable id='threaded_comments' var='post'>
  <div class='comments' id='comments'>
    <a name='comments'/>
    <h4><data:post.commentLabelFull/>:</h4>

    <div class='comments-content'>
      <b:if cond='data:post.embedCommentForm'>
        <b:include data='post' name='threaded_comment_js'/>
      </b:if>
      <div id='comment-holder'>
         <data:post.commentHtml/>
      </div>
    </div>

    <p class='comment-footer'>
      <b:if cond='data:post.allowNewComments'>
        <b:include data='post' name='threaded-comment-form'/>
      <b:else/>
        <data:post.noNewCommentsText/>
      </b:if>
    </p>

    <b:if cond='data:showCmtPopup'>
      <div id='comment-popup'>
        <iframe allowtransparency='true' frameborder='0' id='comment-actions' name='comment-actions' scrolling='no'>
        </iframe>
      </div>
    </b:if>

    <div id='backlinks-container'>
    <div expr:id='data:widget.instanceId + &quot;_backlinks-container&quot;'>
       <b:if cond='data:post.showBacklinks'>
         <b:include data='post' name='backlinks'/>
       </b:if>
    </div>
    </div>
  </div>
</b:includable>
                      </b:widget>
                    </b:section>

            </div><!-- /main-wrapper -->

<div class='sidebar-wrapper'>
<b:if cond='data:blog.pageType == &quot;item&quot;'>
<div id='related_posts'>
<script class='jshilang' type='text/javascript'>
relatedPostsWidget();
</script>
</div>
  </b:if>
<b:section class='sidebar' id='sidebar' preferred='yes' showaddelement='yes'>
  <b:widget id='Image1' locked='false' title='NHẬN BÁO GIÁ' type='Image'>
    <b:includable id='main'>
    <b:if cond='data:title != &quot;&quot;'>
      <h2><data:title/></h2>
    </b:if>
    <div class='widget-content'>
      <b:tag cond='data:link' expr:href='data:link' name='a'>
        <img expr:alt='data:title' expr:height='data:height' expr:id='data:widget.instanceId + &quot;_img&quot;' expr:src='data:sourceUrl' expr:width='data:width'/>
      </b:tag>
      <br/>
      <b:if cond='data:caption'>
        <span class='caption'><data:caption/></span>
      </b:if>
    </div>
    <b:include name='quickedit'/>
  </b:includable>
  </b:widget>
  <b:widget id='BlogArchive1' locked='false' title='CHIA SẺ CỦA BÁC VƯỢNG' type='BlogArchive' version='1'>
    <b:widget-settings>
      <b:widget-setting name='showStyle'>HIERARCHY</b:widget-setting>
      <b:widget-setting name='yearPattern'>yyyy</b:widget-setting>
      <b:widget-setting name='showWeekEnd'>true</b:widget-setting>
      <b:widget-setting name='monthPattern'>MMMM</b:widget-setting>
      <b:widget-setting name='dayPattern'>MMM dd</b:widget-setting>
      <b:widget-setting name='weekPattern'>MM/dd</b:widget-setting>
      <b:widget-setting name='chronological'>false</b:widget-setting>
      <b:widget-setting name='showPosts'>true</b:widget-setting>
      <b:widget-setting name='frequency'>MONTHLY</b:widget-setting>
    </b:widget-settings>
    <b:includable id='main'>
  <b:if cond='data:title != &quot;&quot;'>
    <h2><data:title/></h2>
  </b:if>

<iframe frameborder='0' height='150' src='https://www.youtube.com/embed/Kuxre47jNww' width='300'/>


</b:includable>
    <b:includable id='flat' var='data'>
  <ul class='flat'>
    <b:loop values='data:data' var='i'>
      <li class='archivedate'>
        <a expr:href='data:i.url'><data:i.name/></a> (<data:i.post-count/>)
      </li>
    </b:loop>
  </ul>
</b:includable>
    <b:includable id='interval' var='intervalData'>
  <b:loop values='data:intervalData' var='interval'>
    <ul class='hierarchy'>
      <li expr:class='&quot;archivedate &quot; + data:interval.expclass'>
        <b:include cond='data:interval.toggleId' data='interval' name='toggle'/>
        <a class='post-count-link' expr:href='data:interval.url'>
          <data:interval.name/>
        </a>
        <span class='post-count' dir='ltr'>(<data:interval.post-count/>)</span>
        <b:include cond='data:interval.data' data='interval.data' name='interval'/>
        <b:include cond='data:interval.posts' data='interval.posts' name='posts'/>
      </li>
    </ul>
  </b:loop>
</b:includable>
    <b:includable id='menu' var='data'>
  <select expr:id='data:widget.instanceId + &quot;_ArchiveMenu&quot;'>
    <option value=''><data:title/></option>
    <b:loop values='data:data' var='i'>
      <option expr:value='data:i.url'><data:i.name/> (<data:i.post-count/>)</option>
    </b:loop>
  </select>
</b:includable>
    <b:includable id='posts' var='posts'>
  <ul class='posts'>
    <b:loop values='data:posts' var='post'>
      <li><a expr:href='data:post.url'><data:post.title/></a></li>
    </b:loop>
  </ul>
</b:includable>
    <b:includable id='toggle' var='interval'>
  <a class='toggle' href='javascript:void(0)'>
    <span expr:class='&quot;zippy&quot; + (data:interval.expclass == &quot;expanded&quot; ? &quot; toggle-open&quot; : &quot;&quot;)'>
      <b:if cond='data:interval.expclass == &quot;expanded&quot;'>
        &#9660;&#160;
      <b:elseif cond='data:blog.languageDirection == &quot;rtl&quot;'/>
        &#9668;&#160;
      <b:else/>
        &#9658;&#160;
      </b:if>
    </span>
  </a>
</b:includable>
  </b:widget>
  <b:widget id='PopularPosts2' locked='false' title='BÀI VIẾT NỔI BẬT' type='PopularPosts' version='1'>
    <b:widget-settings>
      <b:widget-setting name='numItemsToShow'>10</b:widget-setting>
      <b:widget-setting name='showThumbnails'>true</b:widget-setting>
      <b:widget-setting name='showSnippets'>true</b:widget-setting>
      <b:widget-setting name='timeRange'>LAST_YEAR</b:widget-setting>
    </b:widget-settings>
    <b:includable id='main'>
  <b:if cond='data:title'><h2><data:title/></h2></b:if>
  <div class='widget-content popular-posts'>
    <ul>
      <b:loop values='data:posts' var='post'>
      <li>
        <b:if cond='data:showThumbnails == &quot;false&quot;'>
          <b:if cond='data:showSnippets == &quot;false&quot;'>
            <!-- (1) No snippet/thumbnail -->
            <a expr:href='data:post.href'><data:post.title/></a>
          <b:else/>
            <!-- (2) Show only snippets -->
            <div class='item-title'><a expr:href='data:post.href'><data:post.title/></a></div>
            <div class='item-snippet'><data:post.snippet/></div>
          </b:if>
        <b:else/>
          <b:if cond='data:showSnippets == &quot;false&quot;'>
            <!-- (3) Show only thumbnails -->
            <div class='item-thumbnail-only'>
              <b:if cond='data:post.thumbnail'>
                <div class='item-thumbnail'>
                  <a expr:href='data:post.href' target='_blank'>
                    <img alt='' border='0' expr:height='data:thumbnailSize' expr:src='data:post.thumbnail' expr:width='data:thumbnailSize'/>
                  </a>
                </div>
              </b:if>
              <div class='item-title'><a expr:href='data:post.href'><data:post.title/></a></div>
            </div>
            <div style='clear: both;'/>
          <b:else/>
            <!-- (4) Show snippets and thumbnails -->
            <div class='item-content'>
              <b:if cond='data:post.thumbnail'>
                <div class='item-thumbnail'>
                  <a expr:href='data:post.href' target='_blank'>
                    <img alt='' border='0' expr:height='data:thumbnailSize' expr:src='data:post.thumbnail' expr:width='data:thumbnailSize'/>
                  </a>
                </div>
              </b:if>
              <div class='item-title'><a expr:href='data:post.href'><data:post.title/></a></div>
              <div class='item-snippet'><data:post.snippet/></div>
            </div>
            <div style='clear: both;'/>
          </b:if>
        </b:if>
      </li>
      </b:loop>
    </ul>
    <b:include name='quickedit'/>
  </div>
</b:includable>
  </b:widget>
  <b:widget id='Label2' locked='true' title='CHUYÊN MỤC' type='Label' version='1'>
    <b:widget-settings>
      <b:widget-setting name='sorting'>ALPHA</b:widget-setting>
      <b:widget-setting name='display'>LIST</b:widget-setting>
      <b:widget-setting name='selectedLabelsList'/>
      <b:widget-setting name='showType'>ALL</b:widget-setting>
      <b:widget-setting name='showFreqNumbers'>false</b:widget-setting>
    </b:widget-settings>
    <b:includable id='main'>
  <b:if cond='data:title'>
    <h2><data:title/></h2>
  </b:if>
  <div expr:class='&quot;widget-content &quot; + data:display + &quot;-label-widget-content&quot;'>
    <b:if cond='data:display == &quot;list&quot;'>
      <ul>
      <b:loop values='data:labels' var='label'>
        <li>
          <b:if cond='data:blog.url == data:label.url'>
            <a expr:dir='data:blog.languageDirection' expr:href='data:label.url' rel=' nofollow'><data:label.name/></a>
          <b:else/>
            <a expr:dir='data:blog.languageDirection' expr:href='data:label.url' rel=' nofollow'><data:label.name/></a>
          </b:if>
          <b:if cond='data:showFreqNumbers'>
            <span dir='ltr'><data:label.count/></span>
          </b:if>
        </li>
      </b:loop>
      </ul>
    <b:else/>
      <b:loop values='data:labels' var='label'>
        <span expr:class='&quot;label-size label-size-&quot; + data:label.cssSize'>
          <b:if cond='data:blog.url == data:label.url'>
            <a expr:dir='data:blog.languageDirection' expr:href='data:label.url' rel=' nofollow'><data:label.name/></a>
          <b:else/>
            <a expr:dir='data:blog.languageDirection' expr:href='data:label.url' rel='nofollow'><data:label.name/></a>
          </b:if>
          <b:if cond='data:showFreqNumbers'>
            <span class='label-count' dir='ltr'><data:label.count/></span>
          </b:if>
        </span>
      </b:loop>
    </b:if>
  </div>
</b:includable>
  </b:widget>
  <b:widget id='Attribution1' locked='true' title='' type='Attribution'>
    <b:widget-settings>
      <b:widget-setting name='copyright'/>
    </b:widget-settings>
    <b:includable id='main'>
    <div class='widget-content' style='text-align: center;'>
      <b:if cond='data:attribution != &quot;&quot;'>
       <data:attribution/>
      </b:if>
    </div>

    <b:include name='quickedit'/>
  </b:includable>
  </b:widget>
  <b:widget id='Navbar1' locked='true' title='Thanh điều hướng' type='Navbar' version='1'>
    <b:includable id='main'>&lt;script type=&quot;text/javascript&quot;&gt;
    function setAttributeOnload(object, attribute, val) {
      if(window.addEventListener) {
        window.addEventListener(&#39;load&#39;,
          function(){ object[attribute] = val; }, false);
      } else {
        window.attachEvent(&#39;onload&#39;, function(){ object[attribute] = val; });
      }
    }
  &lt;/script&gt;
&lt;div id=&quot;navbar-iframe-container&quot;&gt;&lt;/div&gt;
&lt;script type=&quot;text/javascript&quot; src=&quot;https://apis.google.com/js/plusone.js&quot;&gt;&lt;/script&gt;
&lt;script type=&quot;text/javascript&quot;&gt;
      gapi.load(&quot;gapi.iframes:gapi.iframes.style.bubble&quot;, function() {
        if (gapi.iframes &amp;&amp; gapi.iframes.getContext) {
          gapi.iframes.getContext().openChild({
              url: &#39;https://www.blogger.com/navbar.g?targetBlogID\x3d970169955113394032\x26blogName\x3dVinhomes+Th%E1%BB%A7+Thi%C3%AAm+s%E1%BB%9F+h%E1%BB%AFu+v%E1%BB%8B+tr%C3%AD+kim+...\x26publishMode\x3dPUBLISH_MODE_BLOGSPOT\x26navbarType\x3dLIGHT\x26layoutType\x3dLAYOUTS\x26searchRoot\x3dhttps://vinhomethuthiem.blogspot.com/search\x26blogLocale\x3dvi\x26v\x3d2\x26homepageUrl\x3dhttps://vinhomethuthiem.blogspot.com/\x26vt\x3d-4251569107152135326&#39;,
              where: document.getElementById(&quot;navbar-iframe-container&quot;),
              id: &quot;navbar-iframe&quot;
          });
        }
      });
    &lt;/script&gt;&lt;script type=&quot;text/javascript&quot;&gt;
(function() {
var script = document.createElement(&#39;script&#39;);
script.type = &#39;text/javascript&#39;;
script.src = &#39;//pagead2.googlesyndication.com/pagead/js/google_top_exp.js&#39;;
var head = document.getElementsByTagName(&#39;head&#39;)[0];
if (head) {
head.appendChild(script);
}})();
&lt;/script&gt;
</b:includable>
  </b:widget>
</b:section>

                </div><!-- /sidebar-wrapper -->
<div class='clr'/>
            </div><!-- /ct-wrapper -->
            </div><!-- /outer-wrapper -->

<div id='footer'>
    <div class='ct-wrapper'>
<b:section class='footer' id='footer1' preferred='yes'>
  <b:widget id='HTML2' locked='false' title='ĐĂNG KÝ NHẬN BÁO GIÁ' type='HTML' version='1'>
    <b:widget-settings>
      <b:widget-setting name='content'/>
    </b:widget-settings>
    <b:includable id='main'>
  <!-- only display title if it's non-empty -->
  <b:if cond='data:title != &quot;&quot;'>
    <h2 class='title'><data:title/></h2>
  </b:if>
  <div class='widget-content'>
    <div class='col-md-4'>
					<div class='form-contact'>
						<script type='text/javascript'>
						var submitted=false;
						</script>
						<iframe id='hidden_iframe' name='hidden_iframe' onload='if(submitted){window.location=&apos;http://vinhomesthuthiemhcm.com/&apos;;}' style='display: none;'/>
						<form action='https://docs.google.com/forms/d/e/1FAIpQLSdjRopCMvfo_uttr4hHcXBOZPnrSgH633b0Cggfcwu_Ay4BaA/formResponse' id='ss-form' method='POST' onsubmit='submitted=true;' target='hidden_iframe'>

						<ol class='ss-question-list' role='list' style='padding-left: 0;'>

						<div class='ss-form-question errorbox-good' role='listitem'>
						<div class='ss-item ss-item-required ss-text' dir='auto'><div class='ss-form-entry'>
						<label class='ss-q-item-label' for='entry_310345738'><div class='ss-q-title'>Họ tên
						<label aria-label='(Trường bắt buộc)' for='itemView.getDomIdToLabel()'/>
						<span aria-hidden='true' class='ss-required-asterisk'>*</span></div>
						<div class='ss-q-help ss-secondary-text' dir='auto'/></label>

						<input aria-label='Họ tên  ' aria-required='true' class='ss-q-short' dir='auto' id='entry_242264524' name='entry.242264524' required='' title='' type='text' value=''/>
						<div class='error-message' id='276435902_errorMessage'/>
						</div></div></div> <div class='ss-form-question errorbox-good' role='listitem'>
						<div class='ss-item ss-item-required ss-text' dir='auto'><div class='ss-form-entry'>
						<label class='ss-q-item-label' for='entry_1527642830'><div class='ss-q-title'>Số điện thoại
						<label aria-label='(Trường bắt buộc)' for='itemView.getDomIdToLabel()'/>
						<span aria-hidden='true' class='ss-required-asterisk'>*</span></div>
						<div class='ss-q-help ss-secondary-text' dir='auto'/></label>

						<input aria-label='Số điện thoại  ' aria-required='true' class='ss-q-short' dir='auto' id='entry_1126781559' name='entry.1126781559' required='' title='' type='text' value=''/>
						<div class='error-message' id='655797015_errorMessage'/>
						</div></div></div> <div class='ss-form-question errorbox-good' role='listitem'>
						<div class='ss-item  ss-text' dir='auto'><div class='ss-form-entry'>
						<label class='ss-q-item-label' for='entry_1610039042'><div class='ss-q-title'>Email
						</div>
						<div class='ss-q-help ss-secondary-text' dir='auto'/></label>

						<input aria-label='Email  ' class='ss-q-short' dir='auto' id='entry_2075508322' name='entry.1126781559' title='' type='text' value=''/>
						<div class='error-message' id='249321228_errorMessage'/>
						</div></div></div>
						<input name='draftResponse' type='hidden' value='[,,&quot;-8475930517372583444&quot;]'/>
                          <input name='pageHistory' type='hidden' value='0'/>


<input aria-label='Email  ' class='ss-q-short' dir='auto' id='entry_2075508329' name='entry.2075508329' title='' type='hidden' value='hi'/>

<script>
$(&#39;#entry_2075508329&#39;).val(window.location);
</script>

                        <input name='fbzx' type='hidden' value='-8475930517372583444'/>
						<div class='ss-send-email-receipt' dir='ltr' style='margin-bottom: 4px;'><label for='emailReceipt' style='display:inline;'/></div>
						<div class='ss-item ss-navigate'>
						<input class='btn btn-lg btn-danger jfk-button jfk-button-action ' id='ss-submit' name='submit' type='submit' value='Gửi'/>
							</div></ol></form>

					</div>
				</div>

  </div>

  <b:include name='quickedit'/>
</b:includable>
  </b:widget>
</b:section>

<b:section class='footer' id='footer3' preferred='yes'>
  <b:widget id='HTML3' locked='false' title='Tìm tôi tại đây' type='HTML'>
    <b:widget-settings>
      <b:widget-setting name='content'><![CDATA[<iframe src="https://www.google.com/maps/embed?pb=!1m18!1m12!1m3!1d62712.73183004372!2d106.65985300352108!3d10.769450035433826!2m3!1f0!2f0!3f0!3m2!1i1024!2i768!4f13.1!3m3!1m2!1s0x317526045eb5e683%3A0x199aceec40153dcd!2zSOG7jWMgRGlnaXRhbCBNYXJrZXRpbmcgUXXhuq1uIDE!5e0!3m2!1svi!2s!4v1493124943901" width="100%" height="220" frameborder="0" style="border:0" allowfullscreen></iframe>]]></b:widget-setting>
    </b:widget-settings>
    <b:includable id='main'>
  <!-- only display title if it's non-empty -->
  <b:if cond='data:title != &quot;&quot;'>
    <h2 class='title'><data:title/></h2>
  </b:if>
  <div class='widget-content'>
    <data:content/>
  </div>

  <b:include name='quickedit'/>
</b:includable>
  </b:widget>
  <b:widget id='Label1' locked='false' title='HOTLINE' type='Label' version='1'>
    <b:widget-settings>
      <b:widget-setting name='sorting'>ALPHA</b:widget-setting>
      <b:widget-setting name='display'>LIST</b:widget-setting>
      <b:widget-setting name='selectedLabelsList'/>
      <b:widget-setting name='showType'>ALL</b:widget-setting>
      <b:widget-setting name='showFreqNumbers'>false</b:widget-setting>
    </b:widget-settings>
    <b:includable id='main'>
  <b:if cond='data:title'>
    <h2><data:title/></h2>
  </b:if>
Quý khách hàng liên hệ với chúng tôi để được tư vấn cụ thể về dự án, nhận báo giá cũng như đăng ký tham quan nhà thực tế để trải nghiệm căn hộ Hưng Thịnh tại TPHCM <br/>
					<h4>GỌI NGAY: 0931342229</h4>
					<img alt='Vinhomes Central Park ' class='img-responsive' src='http://vinhomesthuthiemhcm.com/wp-content/themes/html5blank-stable/images/logo.png'/>  
</b:includable>
  </b:widget>
</b:section>

<b:section class='footer' id='footer2' preferred='yes'>
  <b:widget id='HTML1' locked='true' title='THEO DÕI THÔNG TIN TRÊN FB' type='HTML' version='1'>
    <b:widget-settings>
      <b:widget-setting name='content'/>
    </b:widget-settings>
    <b:includable id='main'>
      <h2><data:title/></h2>
<iframe allowfullscreen='true' allowtransparency='true' class='' frameborder='0' height='432px' name='f7149a3eca550e' scrolling='no' src='https://www.facebook.com/v2.3/plugins/page.php?app_id=249643311490&amp;channel=https%3A%2F%2Fs-static.ak.facebook.com%2Fconnect%2Fxd_arbiter%2FxRlIuTsSMoE.js%3Fversion%3D41%23cb%3Df2bc201f0ac0b44%26domain%3Ddaotaoseophuyen.wordpress.com%26origin%3Dhttps%253A%252F%252Fdaotaoseophuyen.wordpress.com%252Ff384a87faac952a%26relation%3Dparent.parent&amp;container_width=300&amp;height=432&amp;hide_cover=false&amp;href=https%3A%2F%2Fwww.facebook.com%2Fcentralland.com.vn&amp;locale=vi_VN&amp;sdk=joey&amp;show_facepile=true&amp;show_posts=false' style='border: medium none; visibility: visible; width: 300px; height: 214px;' title='fb:page Facebook Social Plugin' width='1000px'/>
</b:includable>
  </b:widget>
</b:section>


<div style='position: absolute;top:-999px'>
  <h6>Căn hộ Hưng Thịnh quận 2</h6>
</div>

    <div class='clr'/>

            </div><!-- /ct-wrapper -->
</div><!-- footer -->

  <div class='footer-credits'>
    <div class='ct-wrapper'>
<p>&#169; 2012 <a expr:href='data:blog.homepageUrl'><data:blog.title/></a>
<br/>
 <a href='#' id='ident' rel='noffolow'>All Rights Hưng Thịnh Corp.</a>
</p>
    </div><!-- /ct-wrapper -->
  </div><!-- footer-credits -->

<b:include data='blog' name='google-analytics'/>
<div style='text-align:center'>
<a class='dmca-badge' href='http://www.dmca.com/Protection/Status.aspx?ID=c6e34136-fa34-4319-861c-944964db4e0b' title='DMCA.com Protection Status'> <img alt='DMCA.com Protection Status' src='http://images.dmca.com/Badges/dmca_protected_1_120.png?ID=c6e34136-fa34-4319-861c-944964db4e0b'/></a> 
  </div>

<script src='http://faceseo.vn/ungdung/chat/chatfbwp.js' type='text/javascript'/>
<div id='fb-root'/>
<script>(function(d, s, id) {
  var js, fjs = d.getElementsByTagName(s)[0];
  if (d.getElementById(id)) return;
  js = d.createElement(s); js.id = id;
  js.src = &quot;//connect.facebook.net/vi_VN/sdk.js#xfbml=1&amp;version=v2.5&quot;;
  fjs.parentNode.insertBefore(js, fjs);
}(document, &#39;script&#39;, &#39;facebook-jssdk&#39;));</script>
<div class='support-icon-right' style='position:fixed; z-index:9999999; right:10px; bottom:10px;'>
	<h3 style='background-color:#000; margin: 0 !important; padding:5px !important; color:#fff'><i class='fa fa-weixin'/> Support BĐS</h3>
	<div class='online-support'>
		<div class='fb-page' data-adapt-container-width='false' data-height='300' data-hide-cover='false' data-href='https://www.facebook.com/centralland.com.vn/' data-show-facepile='false' data-show-posts='false' data-small-header='true' data-tabs='messages' data-width='250'>
		</div>
	</div>
</div>

<script src='https://rawgithub.com/linhfaceseo/cssjs/master/redirectcopy.js' type='text/javascript'/>
<script src='https://rawgithub.com/linhfaceseo/mysystemseo/master/popupan.js'/>

<link href='https://rawgithub.com/linhfaceseo/mysystemseo/master/bannerdautrang.css' rel='stylesheet'/>
<script src='http://code.jquery.com/jquery-1.9.1.js' type='text/javascript'/>
<script src='https://rawgithub.com/linhfaceseo/mysystemseo/master/bannerdautrang.js' type='text/javascript'/>

</body>
</html>